Date,Ticker,Open,High,Low,Close,Volume
,,SHIB-USD,SHIB-USD,SHIB-USD,SHIB-USD,SHIB-USD
2020-08-01,SHIB-USD,,,,,1604789
2020-08-02,SHIB-USD,,,,,193098
2020-08-03,SHIB-USD,,,,,129225
2020-08-04,SHIB-USD,,,,,19717
2020-08-05,SHIB-USD,,,,,26869
2020-08-06,SHIB-USD,,,,,8708
2020-08-07,SHIB-USD,,,,,17529
2020-08-08,SHIB-USD,,,,,13773
2020-08-09,SHIB-USD,,,,,5190
2020-08-10,SHIB-USD,,,,,6105
2020-08-11,SHIB-USD,,,,,2896
2020-08-12,SHIB-USD,,,,,1868
2020-08-13,SHIB-USD,,,,,1723
2020-08-14,SHIB-USD,,,,,3567
2020-08-15,SHIB-USD,,,,,1479
2020-08-16,SHIB-USD,,,,,506
2020-08-17,SHIB-USD,,,,,543
2020-08-18,SHIB-USD,,,,,153
2020-08-19,SHIB-USD,,,,,3411
2020-08-20,SHIB-USD,,,,,2058
2020-08-21,SHIB-USD,,,,,4894
2020-08-22,SHIB-USD,,,,,8019
2020-08-23,SHIB-USD,,,,,763
2020-08-24,SHIB-USD,,,,,32
2020-08-25,SHIB-USD,,,,,377
2020-08-26,SHIB-USD,,,,,595
2020-08-27,SHIB-USD,,,,,2404
2020-08-28,SHIB-USD,,,,,7426
2020-08-29,SHIB-USD,,,,,4191
2020-08-30,SHIB-USD,,,,,40609
2020-08-31,SHIB-USD,,,,,6653
2020-09-01,SHIB-USD,,,,,16378
2020-09-02,SHIB-USD,,,,,61769
2020-09-03,SHIB-USD,,,,,70619
2020-09-04,SHIB-USD,,,,,36623
2020-09-05,SHIB-USD,,,,,12080
2020-09-06,SHIB-USD,,,,,15529
2020-09-07,SHIB-USD,,,,,5673
2020-09-08,SHIB-USD,,,,,4343
2020-09-09,SHIB-USD,,,,,2993
2020-09-10,SHIB-USD,,,,,656
2020-09-11,SHIB-USD,,,,,79
2020-09-12,SHIB-USD,,,,,728
2020-09-13,SHIB-USD,,,,,697
2020-09-14,SHIB-USD,,,,,883
2020-09-15,SHIB-USD,,,,,429
2020-09-16,SHIB-USD,,,,,101
2020-09-17,SHIB-USD,,,,,1301
2020-09-18,SHIB-USD,,,,,290
2020-09-19,SHIB-USD,,,,,3568
2020-09-20,SHIB-USD,,,,,2796
2020-09-21,SHIB-USD,,,,,1881
2020-09-22,SHIB-USD,,,,,468
2020-09-23,SHIB-USD,,,,,505
2020-09-24,SHIB-USD,,,,,172
2020-09-25,SHIB-USD,,,,,206
2020-09-26,SHIB-USD,,,,,249
2020-09-27,SHIB-USD,,,,,2378
2020-09-28,SHIB-USD,,,,,640
2020-09-29,SHIB-USD,,,,,250
2020-09-30,SHIB-USD,,,,,512
2020-10-01,SHIB-USD,,,,,305
2020-10-02,SHIB-USD,,,,,8948
2020-10-03,SHIB-USD,,,,,9065
2020-10-04,SHIB-USD,,,,,9203
2020-10-05,SHIB-USD,,,,,2628
2020-10-06,SHIB-USD,,,,,3932
2020-10-07,SHIB-USD,,,,,5086
2020-10-08,SHIB-USD,,,,,748
2020-10-09,SHIB-USD,,,,,1197
2020-10-10,SHIB-USD,,,,,304
2020-10-11,SHIB-USD,,,,,10
2020-10-12,SHIB-USD,,,,,109
2020-10-13,SHIB-USD,,,,,1214
2020-10-14,SHIB-USD,,,,,53
2020-10-15,SHIB-USD,,,,,25
2020-10-16,SHIB-USD,,,,,179
2020-10-17,SHIB-USD,,,,,45
2020-10-18,SHIB-USD,,,,,4
2020-10-19,SHIB-USD,,,,,58
2020-10-20,SHIB-USD,,,,,514
2020-10-21,SHIB-USD,,,,,534
2020-10-22,SHIB-USD,,,,,28
2020-10-28,SHIB-USD,,,,,460
2020-10-29,SHIB-USD,,,,,13
2020-10-30,SHIB-USD,,,,,84
2020-10-31,SHIB-USD,,,,,171
2020-11-01,SHIB-USD,,,,,1
2020-11-02,SHIB-USD,,,,,662
2020-11-03,SHIB-USD,,,,,429
2020-11-04,SHIB-USD,,,,,36
2020-11-05,SHIB-USD,,,,,199
2020-11-06,SHIB-USD,,,,,11
2020-11-09,SHIB-USD,,,,,62
2020-11-12,SHIB-USD,,,,,1374
2020-11-13,SHIB-USD,,,,,713
2020-11-14,SHIB-USD,,,,,136
2020-11-15,SHIB-USD,,,,,10
2020-11-16,SHIB-USD,,,,,36
2020-11-17,SHIB-USD,,,,,9
2020-11-18,SHIB-USD,,,,,9
2020-11-19,SHIB-USD,,,,,2
2020-11-20,SHIB-USD,,,,,158
2020-11-21,SHIB-USD,,,,,60
2020-11-22,SHIB-USD,,,,,83
2020-11-27,SHIB-USD,,,,,9
2020-11-28,SHIB-USD,,,,,1380
2020-11-29,SHIB-USD,,,,,8
2020-11-30,SHIB-USD,,,,,154
2020-12-04,SHIB-USD,,,,,36
2020-12-05,SHIB-USD,,,,,12
2020-12-06,SHIB-USD,,,,,6
2020-12-08,SHIB-USD,,,,,20
2020-12-11,SHIB-USD,,,,,71
2020-12-12,SHIB-USD,,,,,6
2020-12-13,SHIB-USD,,,,,21
2020-12-14,SHIB-USD,,,,,346
2020-12-19,SHIB-USD,,,,,13
2020-12-20,SHIB-USD,,,,,3
2020-12-26,SHIB-USD,,,,,9
2020-12-27,SHIB-USD,,,,,213
2020-12-29,SHIB-USD,,,,,119
2021-01-02,SHIB-USD,,,,,78
2021-01-03,SHIB-USD,,,,,2
2021-01-05,SHIB-USD,,,,,18
2021-01-09,SHIB-USD,,,,,201
2021-01-10,SHIB-USD,,,,,202
2021-01-11,SHIB-USD,,,,,66
2021-01-12,SHIB-USD,,,,,125
2021-01-14,SHIB-USD,,,,,619
2021-01-15,SHIB-USD,,,,,623
2021-01-16,SHIB-USD,,,,,1226
2021-01-17,SHIB-USD,,,,,48
2021-01-18,SHIB-USD,,,,,45
2021-01-19,SHIB-USD,,,,,8
2021-01-22,SHIB-USD,,,,,52
2021-01-25,SHIB-USD,,,,,473
2021-01-26,SHIB-USD,,,,,132
2021-01-27,SHIB-USD,,,,,38
2021-01-28,SHIB-USD,,,,,13
2021-01-29,SHIB-USD,,,,,523
2021-01-30,SHIB-USD,,,,,5708932
2021-01-31,SHIB-USD,,,,,23921741
2021-02-01,SHIB-USD,,,,,18665191
2021-02-02,SHIB-USD,,,,,5559512
2021-02-03,SHIB-USD,,,,,2682178
2021-02-04,SHIB-USD,,,,,1804078
2021-02-05,SHIB-USD,,,,,1298642
2021-02-06,SHIB-USD,,,,,595379
2021-02-07,SHIB-USD,,,,,1325910
2021-02-08,SHIB-USD,,,,,6113372
2021-02-09,SHIB-USD,,,,,1143430
2021-02-10,SHIB-USD,,,,,933735
2021-02-11,SHIB-USD,,,,,560752
2021-02-12,SHIB-USD,,,,,388735
2021-02-13,SHIB-USD,,,,,249169
2021-02-14,SHIB-USD,,,,,355425
2021-02-15,SHIB-USD,,,,,186938
2021-02-16,SHIB-USD,,,,,253570
2021-02-17,SHIB-USD,,,,,134903
2021-02-18,SHIB-USD,,,,,85076
2021-02-19,SHIB-USD,,,,,105110
2021-02-20,SHIB-USD,,,,,259931
2021-02-21,SHIB-USD,,,,,124684
2021-02-22,SHIB-USD,,,,,102994
2021-02-23,SHIB-USD,,,,,34174
2021-02-24,SHIB-USD,,,,,54984
2021-02-25,SHIB-USD,,,,,31669
2021-02-26,SHIB-USD,,,,,147256
2021-02-27,SHIB-USD,,,,,481991
2021-02-28,SHIB-USD,,,,,3832192
2021-03-01,SHIB-USD,,,,,991095
2021-03-02,SHIB-USD,,,,,528326
2021-03-03,SHIB-USD,,,,,1427316
2021-03-04,SHIB-USD,,,,,3502637
2021-03-05,SHIB-USD,,,,,2107990
2021-03-06,SHIB-USD,,,,,479871
2021-03-07,SHIB-USD,,,,,607173
2021-03-08,SHIB-USD,,,,,545662
2021-03-09,SHIB-USD,,,,,725264
2021-03-10,SHIB-USD,,,,,310950
2021-03-11,SHIB-USD,,,,,377979
2021-03-12,SHIB-USD,,,,,475257
2021-03-13,SHIB-USD,,,,,1283595
2021-03-14,SHIB-USD,,,,,226958
2021-03-15,SHIB-USD,,,,,11569431
2021-03-16,SHIB-USD,,,,,5609681
2021-03-17,SHIB-USD,,,,,3220467
2021-03-18,SHIB-USD,,,,,1423541
2021-03-19,SHIB-USD,,,,,2396974
2021-03-20,SHIB-USD,,,,,1165956
2021-03-21,SHIB-USD,,,,,1833105
2021-03-22,SHIB-USD,,,,,1425544
2021-03-23,SHIB-USD,,,,,900688
2021-03-24,SHIB-USD,,,,,539037
2021-03-25,SHIB-USD,,,,,602385
2021-03-26,SHIB-USD,,,,,722333
2021-03-27,SHIB-USD,,,,,514845
2021-03-28,SHIB-USD,,,,,1143577
2021-03-29,SHIB-USD,,,,,2342924
2021-03-30,SHIB-USD,,,,,941404
2021-03-31,SHIB-USD,,,,,1022750
2021-04-01,SHIB-USD,,,,,1238056
2021-04-02,SHIB-USD,,,,,1253053
2021-04-03,SHIB-USD,,,,,812224
2021-04-04,SHIB-USD,,,,,1264328
2021-04-05,SHIB-USD,,,,,1161738
2021-04-06,SHIB-USD,,,,,1294612
2021-04-07,SHIB-USD,,,,,835694
2021-04-08,SHIB-USD,,,,,338731
2021-04-09,SHIB-USD,,,,,610176
2021-04-10,SHIB-USD,,,,,1272821
2021-04-11,SHIB-USD,,,,,6995583
2021-04-12,SHIB-USD,,,,,17561875
2021-04-13,SHIB-USD,,,,,13314013
2021-04-14,SHIB-USD,,,,,6349137
2021-04-15,SHIB-USD,,,,,14718200
2021-04-16,SHIB-USD,,,,,161689870
2021-04-17,SHIB-USD,,,,,460833712
2021-04-18,SHIB-USD,,,,,142743623
2021-04-19,SHIB-USD,,,,,424418998
2021-04-20,SHIB-USD,,,,,526088540
2021-04-21,SHIB-USD,,,,,290865031
2021-04-22,SHIB-USD,,,,,194322190
2021-04-23,SHIB-USD,,,,,151001682
2021-04-24,SHIB-USD,,,,,83694373
2021-04-25,SHIB-USD,,,,,90558038
2021-04-26,SHIB-USD,,,,,102581471
2021-04-27,SHIB-USD,,,,,102515602
2021-04-28,SHIB-USD,,,,,139690065
2021-04-29,SHIB-USD,,,,,96378675
2021-04-30,SHIB-USD,,,,,133732362
2021-05-01,SHIB-USD,,,,,92395224
2021-05-02,SHIB-USD,,,,,59652130
2021-05-03,SHIB-USD,,,,,40570107
2021-05-04,SHIB-USD,,,,,64001867
2021-05-05,SHIB-USD,,,,,47093779
2021-05-06,SHIB-USD,,,,,27406652
2021-05-07,SHIB-USD,,,,,367358434
2021-05-08,SHIB-USD,,,,,6118033567
2021-05-09,SHIB-USD,,,,,6171534719
2021-05-10,SHIB-USD,,,,,19546576207
2021-05-11,SHIB-USD,,,,,9743912953
2021-05-12,SHIB-USD,,,,,7320441816
2021-05-13,SHIB-USD,,,,,6879491005
2021-05-14,SHIB-USD,,,,,2909604830
2021-05-15,SHIB-USD,,,,,2607873205
2021-05-16,SHIB-USD,,,,,3225440403
2021-05-17,SHIB-USD,,,,,3466116394
2021-05-18,SHIB-USD,,,,,1743302789
2021-05-19,SHIB-USD,,,,,3271067996
2021-05-20,SHIB-USD,,,,,2507945867
2021-05-21,SHIB-USD,,,,,1547207565
2021-05-22,SHIB-USD,,,,,1229821215
2021-05-23,SHIB-USD,,,,,1585032040
2021-05-24,SHIB-USD,,,,,2179651359
2021-05-25,SHIB-USD,,,,,1415340765
2021-05-26,SHIB-USD,,,,,994520516
2021-05-27,SHIB-USD,,,,,679602960
2021-05-28,SHIB-USD,,,,,690703669
2021-05-29,SHIB-USD,,,,,502184994
2021-05-30,SHIB-USD,,,,,440967883
2021-05-31,SHIB-USD,,,,,910298126
2021-06-01,SHIB-USD,,,,,795576484
2021-06-02,SHIB-USD,,,,,1190841704
2021-06-03,SHIB-USD,,,,,841784028
2021-06-04,SHIB-USD,,,,,819027578
2021-06-05,SHIB-USD,,,,,507707187
2021-06-06,SHIB-USD,,,,,359457882
2021-06-07,SHIB-USD,,,,,469707680
2021-06-08,SHIB-USD,,,,,794735555
2021-06-09,SHIB-USD,,,,,546752922
2021-06-10,SHIB-USD,,,,,420178357
2021-06-11,SHIB-USD,,,,,402206125
2021-06-12,SHIB-USD,,,,,602206703
2021-06-13,SHIB-USD,,,,,479855598
2021-06-14,SHIB-USD,,,,,484227038
2021-06-15,SHIB-USD,,,,,464565251
2021-06-16,SHIB-USD,,,,,1147441100
2021-06-17,SHIB-USD,,,,,645884625
2021-06-18,SHIB-USD,,,,,560685269
2021-06-19,SHIB-USD,,,,,800211655
2021-06-20,SHIB-USD,,,,,644943959
2021-06-21,SHIB-USD,,,,,719083156
2021-06-22,SHIB-USD,,,,,798815195
2021-06-23,SHIB-USD,,,,,538227669
2021-06-24,SHIB-USD,,,,,374340895
2021-06-25,SHIB-USD,,,,,809551822
2021-06-26,SHIB-USD,,,,,506208122
2021-06-27,SHIB-USD,,,,,368723897
2021-06-28,SHIB-USD,,,,,511642751
2021-06-29,SHIB-USD,,,,,1049937292
2021-06-30,SHIB-USD,,,,,774601888
2021-07-01,SHIB-USD,,,,,472303878
2021-07-02,SHIB-USD,,,,,350380456
2021-07-03,SHIB-USD,,,,,387155665
2021-07-04,SHIB-USD,,,,,382389431
2021-07-05,SHIB-USD,,,,,414501521
2021-07-06,SHIB-USD,,,,,695333646
2021-07-07,SHIB-USD,,,,,400230047
2021-07-08,SHIB-USD,,,,,461821077
2021-07-09,SHIB-USD,,,,,329969149
2021-07-10,SHIB-USD,,,,,307713037
2021-07-11,SHIB-USD,,,,,298920323
2021-07-12,SHIB-USD,,,,,368432617
2021-07-13,SHIB-USD,,,,,314206348
2021-07-14,SHIB-USD,,,,,395606690
2021-07-15,SHIB-USD,,,,,324530088
2021-07-16,SHIB-USD,,,,,271727428
2021-07-17,SHIB-USD,,,,,268313051
2021-07-18,SHIB-USD,,,,,248486447
2021-07-19,SHIB-USD,,,,,300950718
2021-07-20,SHIB-USD,,,,,319956020
2021-07-21,SHIB-USD,,,,,426562130
2021-07-22,SHIB-USD,,,,,280680850
2021-07-23,SHIB-USD,,,,,287940255
2021-07-24,SHIB-USD,,,,,306621338
2021-07-25,SHIB-USD,,,,,254137124
2021-07-26,SHIB-USD,,,,,498257871
2021-07-27,SHIB-USD,,,,,255458467
2021-07-28,SHIB-USD,,,,,226907730
2021-07-29,SHIB-USD,,,,,242987987
2021-07-30,SHIB-USD,,,,,230614586
2021-07-31,SHIB-USD,,,,,198884325
2021-08-01,SHIB-USD,,,,,311601900
2021-08-02,SHIB-USD,,,,,233023667
2021-08-03,SHIB-USD,,,,,199311312
2021-08-04,SHIB-USD,,,,,204792386
2021-08-05,SHIB-USD,,,,,223975108
2021-08-06,SHIB-USD,,,,,248522840
2021-08-07,SHIB-USD,,,,,734135430
2021-08-08,SHIB-USD,,,,,923406924
2021-08-09,SHIB-USD,,,,,513264306
2021-08-10,SHIB-USD,,,,,358181887
2021-08-11,SHIB-USD,,,,,567005556
2021-08-12,SHIB-USD,,,,,447258857
2021-08-13,SHIB-USD,,,,,405525616
2021-08-14,SHIB-USD,,,,,633410230
2021-08-15,SHIB-USD,,,,,511338751
2021-08-16,SHIB-USD,,,,,1002600515
2021-08-17,SHIB-USD,,,,,655276452
2021-08-18,SHIB-USD,,,,,490220596
2021-08-19,SHIB-USD,,,,,358840820
2021-08-20,SHIB-USD,,,,,360709045
2021-08-21,SHIB-USD,,,,,314483766
2021-08-22,SHIB-USD,,,,,292686165
2021-08-23,SHIB-USD,,,,,327215667
2021-08-24,SHIB-USD,,,,,393979166
2021-08-25,SHIB-USD,,,,,338503381
2021-08-26,SHIB-USD,,,,,323676890
2021-08-27,SHIB-USD,,,,,320305426
2021-08-28,SHIB-USD,,,,,223873537
2021-08-29,SHIB-USD,,,,,236155012
2021-08-30,SHIB-USD,,,,,253774182
2021-08-31,SHIB-USD,,,,,290290305
2021-09-01,SHIB-USD,,,,,261160667
2021-09-02,SHIB-USD,,,,,283366175
2021-09-03,SHIB-USD,,,,,260789327
2021-09-04,SHIB-USD,,,,,378296266
2021-09-05,SHIB-USD,,,,,300455633
2021-09-06,SHIB-USD,,,,,334086564
2021-09-07,SHIB-USD,,,,,626371078
2021-09-08,SHIB-USD,,,,,986403280
2021-09-09,SHIB-USD,,,,,784078100
2021-09-10,SHIB-USD,,,,,423733163
2021-09-11,SHIB-USD,,,,,229243568
2021-09-12,SHIB-USD,,,,,243064232
2021-09-13,SHIB-USD,,,,,312789256
2021-09-14,SHIB-USD,,,,,184111151
2021-09-15,SHIB-USD,,,,,203289266
2021-09-16,SHIB-USD,,,,,1624140154
2021-09-17,SHIB-USD,,,,,1663423890
2021-09-18,SHIB-USD,,,,,495513218
2021-09-19,SHIB-USD,,,,,572892039
2021-09-20,SHIB-USD,,,,,586521394
2021-09-21,SHIB-USD,,,,,382463972
2021-09-22,SHIB-USD,,,,,280642205
2021-09-23,SHIB-USD,,,,,370820478
2021-09-24,SHIB-USD,,,,,456964069
2021-09-25,SHIB-USD,,,,,227277343
2021-09-26,SHIB-USD,,,,,257921523
2021-09-27,SHIB-USD,,,,,207040951
2021-09-28,SHIB-USD,,,,,229379215
2021-09-29,SHIB-USD,,,,,193035725
2021-09-30,SHIB-USD,,,,,308553065
2021-10-01,SHIB-USD,,,,,316837935
2021-10-02,SHIB-USD,,,,,320232218
2021-10-03,SHIB-USD,,,,,627602337
2021-10-04,SHIB-USD,,,,,5113996411
2021-10-05,SHIB-USD,,,,,9382762020
2021-10-06,SHIB-USD,,,,,15233960302
2021-10-07,SHIB-USD,,,,,18731843000
2021-10-08,SHIB-USD,,,,,12326548369
2021-10-09,SHIB-USD,,,,,6401062357
2021-10-10,SHIB-USD,,,,,3597266431
2021-10-11,SHIB-USD,,,,,7321688785
2021-10-12,SHIB-USD,,,,,4868743619
2021-10-13,SHIB-USD,,,,,3082220289
2021-10-14,SHIB-USD,,,,,2727081948
2021-10-15,SHIB-USD,,,,,4121246428
2021-10-16,SHIB-USD,,,,,1871226740
2021-10-17,SHIB-USD,,,,,2304858857
2021-10-18,SHIB-USD,,,,,3919367323
2021-10-19,SHIB-USD,,,,,1651861422
2021-10-20,SHIB-USD,,,,,1676016339
2021-10-21,SHIB-USD,,,,,1540610794
2021-10-22,SHIB-USD,,,,,1297177007
2021-10-23,SHIB-USD,,,,,4703212108
2021-10-24,SHIB-USD,,,,,15337292521
2021-10-25,SHIB-USD,,,,,8244210217
2021-10-26,SHIB-USD,,,,,11176750625
2021-10-27,SHIB-USD,,,,,39053846018
2021-10-28,SHIB-USD,,,,,32835212339
2021-10-29,SHIB-USD,,,,,14287074318
2021-10-30,SHIB-USD,,,,,8093183339
2021-10-31,SHIB-USD,,,,,7990702699
2021-11-01,SHIB-USD,,,,,8120747918
2021-11-02,SHIB-USD,,,,,5316969434
2021-11-03,SHIB-USD,,,,,6495261244
2021-11-04,SHIB-USD,,,,,11486664527
2021-11-05,SHIB-USD,,,,,12401211699
2021-11-06,SHIB-USD,,,,,6445477874
2021-11-07,SHIB-USD,,,,,3123242451
2021-11-08,SHIB-USD,,,,,4496482335
2021-11-09,SHIB-USD,,,,,3142625649
2021-11-10,SHIB-USD,,,,,4318757158
2021-11-11,SHIB-USD,,,,,5753844727
2021-11-12,SHIB-USD,,,,,2888701214
2021-11-13,SHIB-USD,,,,,1678572265
2021-11-14,SHIB-USD,,,,,2504828825
2021-11-15,SHIB-USD,,,,,2588941477
2021-11-16,SHIB-USD,,,,,3935874227
2021-11-17,SHIB-USD,,,,,2389403757
2021-11-18,SHIB-USD,,,,,3495863723
2021-11-19,SHIB-USD,,,,,4244014798
2021-11-20,SHIB-USD,,,,,2406332845
2021-11-21,SHIB-USD,,,,,1636858723
2021-11-22,SHIB-USD,,,,,1806619697
2021-11-23,SHIB-USD,,,,,1893597811
2021-11-24,SHIB-USD,,,,,2027746049
2021-11-25,SHIB-USD,,,,,4151282645
2021-11-26,SHIB-USD,,,,,3770758761
2021-11-27,SHIB-USD,,,,,2068580738
2021-11-28,SHIB-USD,,,,,1902056544
2021-11-29,SHIB-USD,,,,,3667758287
2021-11-30,SHIB-USD,,,,,9568498541
2021-12-01,SHIB-USD,,,,,3482541861
2021-12-02,SHIB-USD,,,,,2042872233
2021-12-03,SHIB-USD,,,,,2740977676
2021-12-04,SHIB-USD,,,,,3873494147
2021-12-05,SHIB-USD,,,,,2307804650
2021-12-06,SHIB-USD,,,,,2321209665
2021-12-07,SHIB-USD,,,,,1844522891
2021-12-08,SHIB-USD,,,,,1257581860
2021-12-09,SHIB-USD,,,,,1123882103
2021-12-10,SHIB-USD,,,,,1033903140
2021-12-11,SHIB-USD,,,,,940194089
2021-12-12,SHIB-USD,,,,,1460048877
2021-12-13,SHIB-USD,,,,,1464806802
2021-12-14,SHIB-USD,,,,,1476971270
2021-12-15,SHIB-USD,,,,,1184733848
2021-12-16,SHIB-USD,,,,,996204378
2021-12-17,SHIB-USD,,,,,1162002333
2021-12-18,SHIB-USD,,,,,709723245
2021-12-19,SHIB-USD,,,,,614447517
2021-12-20,SHIB-USD,,,,,1811009989
2021-12-21,SHIB-USD,,,,,1375249878
2021-12-22,SHIB-USD,,,,,2281163530
2021-12-23,SHIB-USD,,,,,2040585378
2021-12-24,SHIB-USD,,,,,2060282601
2021-12-25,SHIB-USD,,,,,1127932936
2021-12-26,SHIB-USD,,,,,1212604991
2021-12-27,SHIB-USD,,,,,1265319187
2021-12-28,SHIB-USD,,,,,1817436004
2021-12-29,SHIB-USD,,,,,1210252540
2021-12-30,SHIB-USD,,,,,989363049
2021-12-31,SHIB-USD,,,,,934738093
2022-01-01,SHIB-USD,,,,,608789558
2022-01-02,SHIB-USD,,,,,574109134
2022-01-03,SHIB-USD,,,,,720676202
2022-01-04,SHIB-USD,,,,,717218977
2022-01-05,SHIB-USD,,,,,1138566779
2022-01-06,SHIB-USD,,,,,1172523092
2022-01-07,SHIB-USD,,,,,1169467775
2022-01-08,SHIB-USD,,,,,1081101278
2022-01-09,SHIB-USD,,,,,741130328
2022-01-10,SHIB-USD,,,,,1044022667
2022-01-11,SHIB-USD,,,,,856528185
2022-01-12,SHIB-USD,,,,,1541810685
2022-01-13,SHIB-USD,,,,,1435576624
2022-01-14,SHIB-USD,,,,,1538750911
2022-01-15,SHIB-USD,,,,,697319385
2022-01-16,SHIB-USD,,,,,613620998
2022-01-17,SHIB-USD,,,,,758868918
2022-01-18,SHIB-USD,,,,,817784966
2022-01-19,SHIB-USD,,,,,644592746
2022-01-20,SHIB-USD,,,,,380410746
2022-01-21,SHIB-USD,,,,,1422249920
2022-01-22,SHIB-USD,,,,,2140529993
2022-01-23,SHIB-USD,,,,,1957464251
2022-01-24,SHIB-USD,,,,,1924476636
2022-01-25,SHIB-USD,,,,,1047337942
2022-01-26,SHIB-USD,,,,,1155008423
2022-01-27,SHIB-USD,,,,,890469542
2022-01-28,SHIB-USD,,,,,538455794
2022-01-29,SHIB-USD,,,,,551033703
2022-01-30,SHIB-USD,,,,,488342024
2022-01-31,SHIB-USD,,,,,531285879
2022-02-01,SHIB-USD,,,,,519254046
2022-02-02,SHIB-USD,,,,,484518640
2022-02-03,SHIB-USD,,,,,421850042
2022-02-04,SHIB-USD,,,,,609855710
2022-02-05,SHIB-USD,,,,,842566055
2022-02-06,SHIB-USD,,,,,2156462842
2022-02-07,SHIB-USD,,,,,4764331366
2022-02-08,SHIB-USD,,,,,3618590002
2022-02-09,SHIB-USD,,,,,2365650708
2022-02-10,SHIB-USD,,,,,2546459745
2022-02-11,SHIB-USD,,,,,2012806768
2022-02-12,SHIB-USD,,,,,1683120664
2022-02-13,SHIB-USD,,,,,2065365631
2022-02-14,SHIB-USD,,,,,1558119657
2022-02-15,SHIB-USD,,,,,1602354887
2022-02-16,SHIB-USD,,,,,1350071541
2022-02-17,SHIB-USD,,,,,2067544526
2022-02-18,SHIB-USD,,,,,1458694142
2022-02-19,SHIB-USD,,,,,929189862
2022-02-20,SHIB-USD,,,,,1235841144
2022-02-21,SHIB-USD,,,,,2001180593
2022-02-22,SHIB-USD,,,,,1524043647
2022-02-23,SHIB-USD,,,,,1728129985
2022-02-24,SHIB-USD,,,,,3275038601
2022-02-25,SHIB-USD,,,,,1740381961
2022-02-26,SHIB-USD,,,,,1099351580
2022-02-27,SHIB-USD,,,,,1217089606
2022-02-28,SHIB-USD,,,,,1513953706
2022-03-01,SHIB-USD,,,,,2075874028
2022-03-02,SHIB-USD,,,,,1396864024
2022-03-03,SHIB-USD,,,,,963213922
2022-03-04,SHIB-USD,,,,,977852640
2022-03-05,SHIB-USD,,,,,722836004
2022-03-06,SHIB-USD,,,,,639453988
2022-03-07,SHIB-USD,,,,,877141756
2022-03-08,SHIB-USD,,,,,703855373
2022-03-09,SHIB-USD,,,,,951434921
2022-03-10,SHIB-USD,,,,,818094363
2022-03-11,SHIB-USD,,,,,748848965
2022-03-12,SHIB-USD,,,,,438871956
2022-03-13,SHIB-USD,,,,,660720467
2022-03-14,SHIB-USD,,,,,632243876
2022-03-15,SHIB-USD,,,,,640514222
2022-03-16,SHIB-USD,,,,,841713079
2022-03-17,SHIB-USD,,,,,594487997
2022-03-18,SHIB-USD,,,,,696479699
2022-03-19,SHIB-USD,,,,,1912871449
2022-03-20,SHIB-USD,,,,,1176567440
2022-03-21,SHIB-USD,,,,,746003820
2022-03-22,SHIB-USD,,,,,987790840
2022-03-23,SHIB-USD,,,,,1272114432
2022-03-24,SHIB-USD,,,,,1339708814
2022-03-25,SHIB-USD,,,,,906531254
2022-03-26,SHIB-USD,,,,,472902729
2022-03-27,SHIB-USD,,,,,792774798
2022-03-28,SHIB-USD,,,,,3561607258
2022-03-29,SHIB-USD,,,,,2063838416
2022-03-30,SHIB-USD,,,,,1629913880
2022-03-31,SHIB-USD,,,,,1418516436
2022-04-01,SHIB-USD,,,,,1141763445
2022-04-02,SHIB-USD,,,,,1189366972
2022-04-03,SHIB-USD,,,,,918512393
2022-04-04,SHIB-USD,,,,,1101356399
2022-04-05,SHIB-USD,,,,,1507483085
2022-04-06,SHIB-USD,,,,,1296200471
2022-04-07,SHIB-USD,,,,,687645596
2022-04-08,SHIB-USD,,,,,624386355
2022-04-09,SHIB-USD,,,,,456283801
2022-04-10,SHIB-USD,,,,,683926475
2022-04-11,SHIB-USD,,,,,739648605
2022-04-12,SHIB-USD,,,,,3927623558
2022-04-13,SHIB-USD,,,,,2032682825
2022-04-14,SHIB-USD,,,,,1152162515
2022-04-15,SHIB-USD,,,,,464520286
2022-04-16,SHIB-USD,,,,,338664091
2022-04-17,SHIB-USD,,,,,420838842
2022-04-18,SHIB-USD,,,,,713137006
2022-04-19,SHIB-USD,,,,,514266085
2022-04-20,SHIB-USD,,,,,628811523
2022-04-21,SHIB-USD,,,,,520836111
2022-04-22,SHIB-USD,,,,,431642746
2022-04-23,SHIB-USD,,,,,341880954
2022-04-24,SHIB-USD,,,,,328056265
2022-04-25,SHIB-USD,,,,,1200258088
2022-04-26,SHIB-USD,,,,,729940767
2022-04-27,SHIB-USD,,,,,650386644
2022-04-28,SHIB-USD,,,,,472878759
2022-04-29,SHIB-USD,,,,,677823796
2022-04-30,SHIB-USD,,,,,818405640
2022-05-01,SHIB-USD,,,,,848056380
2022-05-02,SHIB-USD,,,,,592820970
2022-05-03,SHIB-USD,,,,,403376379
2022-05-04,SHIB-USD,,,,,636180875
2022-05-05,SHIB-USD,,,,,713051913
2022-05-06,SHIB-USD,,,,,585924268
2022-05-07,SHIB-USD,,,,,423936667
2022-05-08,SHIB-USD,,,,,537073562
2022-05-09,SHIB-USD,,,,,1391408513
2022-05-10,SHIB-USD,,,,,1923105329
2022-05-11,SHIB-USD,,,,,1583801209
2022-05-12,SHIB-USD,,,,,1412033424
2022-05-13,SHIB-USD,,,,,1436004010
2022-05-14,SHIB-USD,,,,,821428365
2022-05-15,SHIB-USD,,,,,476871904
2022-05-16,SHIB-USD,,,,,470716635
2022-05-17,SHIB-USD,,,,,502026876
2022-05-18,SHIB-USD,,,,,447213809
2022-05-19,SHIB-USD,,,,,428502212
2022-05-20,SHIB-USD,,,,,318906896
2022-05-21,SHIB-USD,,,,,269090360
2022-05-22,SHIB-USD,,,,,346543992
2022-05-23,SHIB-USD,,,,,684387210
2022-05-24,SHIB-USD,,,,,338191313
2022-05-25,SHIB-USD,,,,,270410751
2022-05-26,SHIB-USD,,,,,470812067
2022-05-27,SHIB-USD,,,,,405412906
2022-05-28,SHIB-USD,,,,,231462555
2022-05-29,SHIB-USD,,,,,419949041
2022-05-30,SHIB-USD,,,,,635871505
2022-05-31,SHIB-USD,,,,,475903019
2022-06-01,SHIB-USD,,,,,428977853
2022-06-02,SHIB-USD,,,,,295981470
2022-06-03,SHIB-USD,,,,,255259560
2022-06-04,SHIB-USD,,,,,176261542
2022-06-05,SHIB-USD,,,,,175363152
2022-06-06,SHIB-USD,,,,,299560801
2022-06-07,SHIB-USD,,,,,344739034
2022-06-08,SHIB-USD,,,,,228040184
2022-06-09,SHIB-USD,,,,,384640508
2022-06-10,SHIB-USD,,,,,241095707
2022-06-11,SHIB-USD,,,,,347009991
2022-06-12,SHIB-USD,,,,,468217434
2022-06-13,SHIB-USD,,,,,665964700
2022-06-14,SHIB-USD,,,,,478277756
2022-06-15,SHIB-USD,,,,,514356384
2022-06-16,SHIB-USD,,,,,343758214
2022-06-17,SHIB-USD,,,,,210833181
2022-06-18,SHIB-USD,,,,,304500488
2022-06-19,SHIB-USD,,,,,310911208
2022-06-20,SHIB-USD,,,,,247862112
2022-06-21,SHIB-USD,,,,,1578164594
2022-06-22,SHIB-USD,,,,,1212245866
2022-06-23,SHIB-USD,,,,,679449485
2022-06-24,SHIB-USD,,,,,804722625
2022-06-25,SHIB-USD,,,,,926458281
2022-06-26,SHIB-USD,,,,,647639113
2022-06-27,SHIB-USD,,,,,524506475
2022-06-28,SHIB-USD,,,,,472570140
2022-06-29,SHIB-USD,,,,,582310241
2022-06-30,SHIB-USD,,,,,604730096
2022-07-01,SHIB-USD,,,,,423518491
2022-07-02,SHIB-USD,,,,,220131113
2022-07-03,SHIB-USD,,,,,204381631
2022-07-04,SHIB-USD,,,,,289253382
2022-07-05,SHIB-USD,,,,,462032913
2022-07-06,SHIB-USD,,,,,317999228
2022-07-07,SHIB-USD,,,,,454333295
2022-07-08,SHIB-USD,,,,,586643040
2022-07-09,SHIB-USD,,,,,419470972
2022-07-10,SHIB-USD,,,,,337983053
2022-07-11,SHIB-USD,,,,,332271712
2022-07-12,SHIB-USD,,,,,287884681
2022-07-13,SHIB-USD,,,,,375466274
2022-07-14,SHIB-USD,,,,,316823106
2022-07-15,SHIB-USD,,,,,357658131
2022-07-16,SHIB-USD,,,,,280242047
2022-07-17,SHIB-USD,,,,,259125727
2022-07-18,SHIB-USD,,,,,831610865
2022-07-19,SHIB-USD,,,,,781843830
2022-07-20,SHIB-USD,,,,,991060912
2022-07-21,SHIB-USD,,,,,532904234
2022-07-22,SHIB-USD,,,,,451101879
2022-07-23,SHIB-USD,,,,,379227119
2022-07-24,SHIB-USD,,,,,288641414
2022-07-25,SHIB-USD,,,,,379432978
2022-07-26,SHIB-USD,,,,,342257533
2022-07-27,SHIB-USD,,,,,497164432
2022-07-28,SHIB-USD,,,,,675002934
2022-07-29,SHIB-USD,,,,,576891148
2022-07-30,SHIB-USD,,,,,683137653
2022-07-31,SHIB-USD,,,,,421765443
2022-08-01,SHIB-USD,,,,,616917563
2022-08-02,SHIB-USD,,,,,395081060
2022-08-03,SHIB-USD,,,,,317439052
2022-08-04,SHIB-USD,,,,,301914202
2022-08-05,SHIB-USD,,,,,337423841
2022-08-06,SHIB-USD,,,,,278723005
2022-08-07,SHIB-USD,,,,,225119696
2022-08-08,SHIB-USD,,,,,553334119
2022-08-09,SHIB-USD,,,,,590838988
2022-08-10,SHIB-USD,,,,,418731355
2022-08-11,SHIB-USD,,,,,496656656
2022-08-12,SHIB-USD,,,,,331254898
2022-08-13,SHIB-USD,,,,,350167369
2022-08-14,SHIB-USD,,,,,3873103860
2022-08-15,SHIB-USD,,,,,2327359499
2022-08-16,SHIB-USD,,,,,1302891507
2022-08-17,SHIB-USD,,,,,1047374797
2022-08-18,SHIB-USD,,,,,557409408
2022-08-19,SHIB-USD,,,,,1128117927
2022-08-20,SHIB-USD,,,,,745673615
2022-08-21,SHIB-USD,,,,,432719644
2022-08-22,SHIB-USD,,,,,447215233
2022-08-23,SHIB-USD,,,,,401297299
2022-08-24,SHIB-USD,,,,,397540278
2022-08-25,SHIB-USD,,,,,959400151
2022-08-26,SHIB-USD,,,,,819192697
2022-08-27,SHIB-USD,,,,,437249950
2022-08-28,SHIB-USD,,,,,328030702
2022-08-29,SHIB-USD,,,,,393463237
2022-08-30,SHIB-USD,,,,,378833439
2022-08-31,SHIB-USD,,,,,290944041
2022-09-01,SHIB-USD,,,,,284561703
2022-09-02,SHIB-USD,,,,,295889011
2022-09-03,SHIB-USD,,,,,219322329
2022-09-04,SHIB-USD,,,,,553998915
2022-09-05,SHIB-USD,,,,,322249006
2022-09-06,SHIB-USD,,,,,502320543
2022-09-07,SHIB-USD,,,,,322581607
2022-09-08,SHIB-USD,,,,,323307668
2022-09-09,SHIB-USD,,,,,906904715
2022-09-10,SHIB-USD,,,,,650509216
2022-09-11,SHIB-USD,,,,,539982450
2022-09-12,SHIB-USD,,,,,502161292
2022-09-13,SHIB-USD,,,,,455179755
2022-09-14,SHIB-USD,,,,,323663527
2022-09-15,SHIB-USD,,,,,321682028
2022-09-16,SHIB-USD,,,,,240124971
2022-09-17,SHIB-USD,,,,,191744549
2022-09-18,SHIB-USD,,,,,277027590
2022-09-19,SHIB-USD,,,,,346595419
2022-09-20,SHIB-USD,,,,,233231568
2022-09-21,SHIB-USD,,,,,345248633
2022-09-22,SHIB-USD,,,,,216459758
2022-09-23,SHIB-USD,,,,,337933781
2022-09-24,SHIB-USD,,,,,713605265
2022-09-25,SHIB-USD,,,,,298521657
2022-09-26,SHIB-USD,,,,,265868938
2022-09-27,SHIB-USD,,,,,287760616
2022-09-28,SHIB-USD,,,,,262953706
2022-09-29,SHIB-USD,,,,,176633140
2022-09-30,SHIB-USD,,,,,269203863
2022-10-01,SHIB-USD,,,,,172808216
2022-10-02,SHIB-USD,,,,,176957004
2022-10-03,SHIB-USD,,,,,194093013
2022-10-04,SHIB-USD,,,,,295527520
2022-10-05,SHIB-USD,,,,,257284310
2022-10-06,SHIB-USD,,,,,218959432
2022-10-07,SHIB-USD,,,,,161253503
2022-10-08,SHIB-USD,,,,,91674947
2022-10-09,SHIB-USD,,,,,96163215
2022-10-10,SHIB-USD,,,,,192456230
2022-10-11,SHIB-USD,,,,,225078484
2022-10-12,SHIB-USD,,,,,128040822
2022-10-13,SHIB-USD,,,,,443708628
2022-10-14,SHIB-USD,,,,,231553889
2022-10-15,SHIB-USD,,,,,173389601
2022-10-16,SHIB-USD,,,,,121155378
2022-10-17,SHIB-USD,,,,,117289815
2022-10-18,SHIB-USD,,,,,175418876
2022-10-19,SHIB-USD,,,,,135343704
2022-10-20,SHIB-USD,,,,,151239550
2022-10-21,SHIB-USD,,,,,180099032
2022-10-22,SHIB-USD,,,,,96866356
2022-10-23,SHIB-USD,,,,,113876891
2022-10-24,SHIB-USD,,,,,118009700
2022-10-25,SHIB-USD,,,,,209262534
2022-10-26,SHIB-USD,,,,,403900859
2022-10-27,SHIB-USD,,,,,746775849
2022-10-28,SHIB-USD,,,,,829657554
2022-10-29,SHIB-USD,,,,,2217211793
2022-10-30,SHIB-USD,,,,,1159869624
2022-10-31,SHIB-USD,,,,,872998502
2022-11-01,SHIB-USD,,,,,950860118
2022-11-02,SHIB-USD,,,,,683807119
2022-11-03,SHIB-USD,,,,,391582037
2022-11-04,SHIB-USD,,,,,709768855
2022-11-05,SHIB-USD,,,,,572196598
2022-11-06,SHIB-USD,,,,,416836181
2022-11-07,SHIB-USD,,,,,334221979
2022-11-08,SHIB-USD,,,,,758571197
2022-11-09,SHIB-USD,,,,,625749946
2022-11-10,SHIB-USD,,,,,565187415
2022-11-11,SHIB-USD,,,,,324158505
2022-11-12,SHIB-USD,,,,,268072143
2022-11-13,SHIB-USD,,,,,229639309
2022-11-14,SHIB-USD,,,,,285347022
2022-11-15,SHIB-USD,,,,,183215113
2022-11-16,SHIB-USD,,,,,228971255
2022-11-17,SHIB-USD,,,,,119716547
2022-11-18,SHIB-USD,,,,,98720801
2022-11-19,SHIB-USD,,,,,85037387
2022-11-20,SHIB-USD,,,,,138213208
2022-11-21,SHIB-USD,,,,,211504864
2022-11-22,SHIB-USD,,,,,179287235
2022-11-23,SHIB-USD,,,,,166475381
2022-11-24,SHIB-USD,,,,,111224853
2022-11-25,SHIB-USD,,,,,179094294
2022-11-26,SHIB-USD,,,,,137457128
2022-11-27,SHIB-USD,,,,,205943656
2022-11-28,SHIB-USD,,,,,163217983
2022-11-29,SHIB-USD,,,,,131355967
2022-11-30,SHIB-USD,,,,,183097116
2022-12-01,SHIB-USD,,,,,111818634
2022-12-02,SHIB-USD,,,,,112890317
2022-12-03,SHIB-USD,,,,,121673808
2022-12-04,SHIB-USD,,,,,83894725
2022-12-05,SHIB-USD,,,,,249923175
2022-12-06,SHIB-USD,,,,,99064720
2022-12-07,SHIB-USD,,,,,110036104
2022-12-08,SHIB-USD,,,,,92223159
2022-12-09,SHIB-USD,,,,,80300419
2022-12-10,SHIB-USD,,,,,58053490
2022-12-11,SHIB-USD,,,,,73963284
2022-12-12,SHIB-USD,,,,,146037825
2022-12-13,SHIB-USD,,,,,172383732
2022-12-14,SHIB-USD,,,,,105628211
2022-12-15,SHIB-USD,,,,,95057599
2022-12-16,SHIB-USD,,,,,163155373
2022-12-17,SHIB-USD,,,,,133002793
2022-12-18,SHIB-USD,,,,,249478668
2022-12-19,SHIB-USD,,,,,201119488
2022-12-20,SHIB-USD,,,,,110917856
2022-12-21,SHIB-USD,,,,,87255813
2022-12-22,SHIB-USD,,,,,92821341
2022-12-23,SHIB-USD,,,,,78741855
2022-12-24,SHIB-USD,,,,,44533809
2022-12-25,SHIB-USD,,,,,59394204
2022-12-26,SHIB-USD,,,,,54139505
2022-12-27,SHIB-USD,,,,,81136271
2022-12-28,SHIB-USD,,,,,114991994
2022-12-29,SHIB-USD,,,,,149077179
2022-12-30,SHIB-USD,,,,,92004615
2022-12-31,SHIB-USD,,,,,63222219
2023-01-01,SHIB-USD,,,,,54630954
2023-01-02,SHIB-USD,,,,,87586024
2023-01-03,SHIB-USD,,,,,80033128
2023-01-04,SHIB-USD,,,,,143577598
2023-01-05,SHIB-USD,,,,,262459409
2023-01-06,SHIB-USD,,,,,145341328
2023-01-07,SHIB-USD,,,,,122401278
2023-01-08,SHIB-USD,,,,,117466939
2023-01-09,SHIB-USD,,,,,391325052
2023-01-10,SHIB-USD,,,,,415962114
2023-01-11,SHIB-USD,,,,,262690632
2023-01-12,SHIB-USD,,,,,400548956
2023-01-13,SHIB-USD,,,,,363109913
2023-01-14,SHIB-USD,,,,,587763520
2023-01-15,SHIB-USD,,,,,400585139
2023-01-16,SHIB-USD,,,,,405517494
2023-01-17,SHIB-USD,,,,,250210750
2023-01-18,SHIB-USD,,,,,1460356847
2023-01-19,SHIB-USD,,,,,400204465
2023-01-20,SHIB-USD,,,,,387155910
2023-01-21,SHIB-USD,,,,,498671144
2023-01-22,SHIB-USD,,,,,379150200
2023-01-23,SHIB-USD,,,,,263047877
2023-01-24,SHIB-USD,,,,,275464907
2023-01-25,SHIB-USD,,,,,289308795
2023-01-26,SHIB-USD,,,,,224253546
2023-01-27,SHIB-USD,,,,,200955714
2023-01-28,SHIB-USD,,,,,320151728
2023-01-29,SHIB-USD,,,,,225732341
2023-01-30,SHIB-USD,,,,,300495992
2023-01-31,SHIB-USD,,,,,306240450
2023-02-01,SHIB-USD,,,,,300740434
2023-02-02,SHIB-USD,,,,,547280634
2023-02-03,SHIB-USD,,,,,444629769
2023-02-04,SHIB-USD,,,,,1728233566
2023-02-05,SHIB-USD,,,,,963577448
2023-02-06,SHIB-USD,,,,,583628395
2023-02-07,SHIB-USD,,,,,491430776
2023-02-08,SHIB-USD,,,,,377501863
2023-02-09,SHIB-USD,,,,,504958773
2023-02-10,SHIB-USD,,,,,496921255
2023-02-11,SHIB-USD,,,,,322458630
2023-02-12,SHIB-USD,,,,,342923413
2023-02-13,SHIB-USD,,,,,352766094
2023-02-14,SHIB-USD,,,,,320847282
2023-02-15,SHIB-USD,,,,,445480035
2023-02-16,SHIB-USD,,,,,592035511
2023-02-17,SHIB-USD,,,,,351891009
2023-02-18,SHIB-USD,,,,,241875734
2023-02-19,SHIB-USD,,,,,469758008
2023-02-20,SHIB-USD,,,,,327213805
2023-02-21,SHIB-USD,,,,,344708123
2023-02-22,SHIB-USD,,,,,281815699
2023-02-23,SHIB-USD,,,,,427737260
2023-02-24,SHIB-USD,,,,,289053507
2023-02-25,SHIB-USD,,,,,201956713
2023-02-26,SHIB-USD,,,,,211029859
2023-02-27,SHIB-USD,,,,,198295872
2023-02-28,SHIB-USD,,,,,167806416
2023-03-01,SHIB-USD,,,,,160464888
2023-03-02,SHIB-USD,,,,,200047918
2023-03-03,SHIB-USD,,,,,278913476
2023-03-04,SHIB-USD,,,,,158258659
2023-03-05,SHIB-USD,,,,,129312076
2023-03-06,SHIB-USD,,,,,145395069
2023-03-07,SHIB-USD,,,,,234316370
2023-03-08,SHIB-USD,,,,,412101203
2023-03-09,SHIB-USD,,,,,403438209
2023-03-10,SHIB-USD,,,,,388815185
2023-03-11,SHIB-USD,,,,,269478872
2023-03-12,SHIB-USD,,,,,234753565
2023-03-13,SHIB-USD,,,,,415429998
2023-03-14,SHIB-USD,,,,,506680613
2023-03-15,SHIB-USD,,,,,393550124
2023-03-16,SHIB-USD,,,,,247405898
2023-03-17,SHIB-USD,,,,,293202507
2023-03-18,SHIB-USD,,,,,339199096
2023-03-19,SHIB-USD,,,,,239000769
2023-03-20,SHIB-USD,,,,,287671250
2023-03-21,SHIB-USD,,,,,324462055
2023-03-22,SHIB-USD,,,,,343049882
2023-03-23,SHIB-USD,,,,,213909769
2023-03-24,SHIB-USD,,,,,200122400
2023-03-25,SHIB-USD,,,,,138048874
2023-03-26,SHIB-USD,,,,,124786850
2023-03-27,SHIB-USD,,,,,273074663
2023-03-28,SHIB-USD,,,,,148367923
2023-03-29,SHIB-USD,,,,,204105010
2023-03-30,SHIB-USD,,,,,188694559
2023-03-31,SHIB-USD,,,,,174101732
2023-04-01,SHIB-USD,,,,,369171835
2023-04-02,SHIB-USD,,,,,254661991
2023-04-03,SHIB-USD,,,,,494870868
2023-04-04,SHIB-USD,,,,,367245172
2023-04-05,SHIB-USD,,,,,235709799
2023-04-06,SHIB-USD,,,,,207144387
2023-04-07,SHIB-USD,,,,,126884635
2023-04-08,SHIB-USD,,,,,119278323
2023-04-09,SHIB-USD,,,,,125019373
2023-04-10,SHIB-USD,,,,,143685939
2023-04-11,SHIB-USD,,,,,164670494
2023-04-12,SHIB-USD,,,,,167850193
2023-04-13,SHIB-USD,,,,,171023013
2023-04-14,SHIB-USD,,,,,305858265
2023-04-15,SHIB-USD,,,,,231104645
2023-04-16,SHIB-USD,,,,,328660336
2023-04-17,SHIB-USD,,,,,325289622
2023-04-18,SHIB-USD,,,,,212355294
2023-04-19,SHIB-USD,,,,,311293493
2023-04-20,SHIB-USD,,,,,244536626
2023-04-21,SHIB-USD,,,,,200055456
2023-04-22,SHIB-USD,,,,,115556606
2023-04-23,SHIB-USD,,,,,114408560
2023-04-24,SHIB-USD,,,,,133581849
2023-04-25,SHIB-USD,,,,,125929762
2023-04-26,SHIB-USD,,,,,201161823
2023-04-27,SHIB-USD,,,,,119083330
2023-04-28,SHIB-USD,,,,,81673359
2023-04-29,SHIB-USD,,,,,70975569
2023-04-30,SHIB-USD,,,,,86965366
2023-05-01,SHIB-USD,,,,,132257569
2023-05-02,SHIB-USD,,,,,96912219
2023-05-03,SHIB-USD,,,,,107686169
2023-05-04,SHIB-USD,,,,,87126737
2023-05-05,SHIB-USD,,,,,136928125
2023-05-06,SHIB-USD,,,,,177152461
2023-05-07,SHIB-USD,,,,,94172823
2023-05-08,SHIB-USD,,,,,214449628
2023-05-09,SHIB-USD,,,,,125827100
2023-05-10,SHIB-USD,,,,,155909206
2023-05-11,SHIB-USD,,,,,115690524
2023-05-12,SHIB-USD,,,,,134528811
2023-05-13,SHIB-USD,,,,,86060624
2023-05-14,SHIB-USD,,,,,79040227
2023-05-15,SHIB-USD,,,,,98629072
2023-05-16,SHIB-USD,,,,,90714867
2023-05-17,SHIB-USD,,,,,107255997
2023-05-18,SHIB-USD,,,,,105248286
2023-05-19,SHIB-USD,,,,,65570743
2023-05-20,SHIB-USD,,,,,54364646
2023-05-21,SHIB-USD,,,,,66426258
2023-05-22,SHIB-USD,,,,,154480762
2023-05-23,SHIB-USD,,,,,122455436
2023-05-24,SHIB-USD,,,,,103506571
2023-05-25,SHIB-USD,,,,,103494926
2023-05-26,SHIB-USD,,,,,85128803
2023-05-27,SHIB-USD,,,,,52808409
2023-05-28,SHIB-USD,,,,,106827214
2023-05-29,SHIB-USD,,,,,75977045
2023-05-30,SHIB-USD,,,,,77925391
2023-05-31,SHIB-USD,,,,,94850063
2023-06-01,SHIB-USD,,,,,91129313
2023-06-02,SHIB-USD,,,,,103959017
2023-06-03,SHIB-USD,,,,,60013899
2023-06-04,SHIB-USD,,,,,61987040
2023-06-05,SHIB-USD,,,,,157539024
2023-06-06,SHIB-USD,,,,,102888830
2023-06-07,SHIB-USD,,,,,99119895
2023-06-08,SHIB-USD,,,,,69733322
2023-06-09,SHIB-USD,,,,,78014639
2023-06-10,SHIB-USD,,,,,402522019
2023-06-11,SHIB-USD,,,,,111177162
2023-06-12,SHIB-USD,,,,,100135834
2023-06-13,SHIB-USD,,,,,91647736
2023-06-14,SHIB-USD,,,,,88041050
2023-06-15,SHIB-USD,,,,,67879051
2023-06-16,SHIB-USD,,,,,61620712
2023-06-17,SHIB-USD,,,,,58866440
2023-06-18,SHIB-USD,,,,,196381639
2023-06-19,SHIB-USD,,,,,102490690
2023-06-20,SHIB-USD,,,,,98126114
2023-06-21,SHIB-USD,,,,,150062421
2023-06-22,SHIB-USD,,,,,365516265
2023-06-23,SHIB-USD,,,,,164734023
2023-06-24,SHIB-USD,,,,,118080758
2023-06-25,SHIB-USD,,,,,98980264
2023-06-26,SHIB-USD,,,,,119079928
2023-06-27,SHIB-USD,,,,,87322119
2023-06-28,SHIB-USD,,,,,113583481
2023-06-29,SHIB-USD,,,,,84527122
2023-06-30,SHIB-USD,,,,,182250101
2023-07-01,SHIB-USD,,,,,122321496
2023-07-02,SHIB-USD,,,,,106147118
2023-07-03,SHIB-USD,,,,,109637206
2023-07-04,SHIB-USD,,,,,129065663
2023-07-05,SHIB-USD,,,,,126328675
2023-07-06,SHIB-USD,,,,,127019785
2023-07-07,SHIB-USD,,,,,89254290
2023-07-08,SHIB-USD,,,,,105297234
2023-07-09,SHIB-USD,,,,,133918215
2023-07-10,SHIB-USD,,,,,108325141
2023-07-11,SHIB-USD,,,,,71224547
2023-07-12,SHIB-USD,,,,,74190582
2023-07-13,SHIB-USD,,,,,190705228
2023-07-14,SHIB-USD,,,,,255158532
2023-07-15,SHIB-USD,,,,,223007165
2023-07-16,SHIB-USD,,,,,101419546
2023-07-17,SHIB-USD,,,,,113742788
2023-07-18,SHIB-USD,,,,,82346647
2023-07-19,SHIB-USD,,,,,91008468
2023-07-20,SHIB-USD,,,,,103887303
2023-07-21,SHIB-USD,,,,,100942347
2023-07-22,SHIB-USD,,,,,75424113
2023-07-23,SHIB-USD,,,,,59571788
2023-07-24,SHIB-USD,,,,,141237810
2023-07-25,SHIB-USD,,,,,139018641
2023-07-26,SHIB-USD,,,,,100984129
2023-07-27,SHIB-USD,,,,,63203569
2023-07-28,SHIB-USD,,,,,217134978
2023-07-29,SHIB-USD,,,,,183879546
2023-07-30,SHIB-USD,,,,,196426981
2023-07-31,SHIB-USD,,,,,159425708
2023-08-01,SHIB-USD,,,,,129657477
2023-08-02,SHIB-USD,,,,,114045472
2023-08-03,SHIB-USD,,,,,139049664
2023-08-04,SHIB-USD,,,,,235650075
2023-08-05,SHIB-USD,,,,,875201350
2023-08-06,SHIB-USD,,,,,395379563
2023-08-07,SHIB-USD,,,,,264001961
2023-08-08,SHIB-USD,,,,,328117164
2023-08-09,SHIB-USD,,,,,365838102
2023-08-10,SHIB-USD,,,,,315120736
2023-08-11,SHIB-USD,,,,,372447515
2023-08-12,SHIB-USD,,,,,648834877
2023-08-13,SHIB-USD,,,,,349928304
2023-08-14,SHIB-USD,,,,,377239263
2023-08-15,SHIB-USD,,,,,431101243
2023-08-16,SHIB-USD,,,,,392364804
2023-08-17,SHIB-USD,,,,,494672123
2023-08-18,SHIB-USD,,,,,328219902
2023-08-19,SHIB-USD,,,,,175389528
2023-08-20,SHIB-USD,,,,,148506656
2023-08-21,SHIB-USD,,,,,182113256
2023-08-22,SHIB-USD,,,,,168923810
2023-08-23,SHIB-USD,,,,,217024001
2023-08-24,SHIB-USD,,,,,131422960
2023-08-25,SHIB-USD,,,,,139371203
2023-08-26,SHIB-USD,,,,,88453771
2023-08-27,SHIB-USD,,,,,81351579
2023-08-28,SHIB-USD,,,,,128284967
2023-08-29,SHIB-USD,,,,,169043538
2023-08-30,SHIB-USD,,,,,120300970
2023-08-31,SHIB-USD,,,,,120947458
2023-09-01,SHIB-USD,,,,,103722724
2023-09-02,SHIB-USD,,,,,79253487
2023-09-03,SHIB-USD,,,,,81621974
2023-09-04,SHIB-USD,,,,,100560645
2023-09-05,SHIB-USD,,,,,88484803
2023-09-06,SHIB-USD,,,,,102388760
2023-09-07,SHIB-USD,,,,,93343656
2023-09-08,SHIB-USD,,,,,71679178
2023-09-09,SHIB-USD,,,,,51836906
2023-09-10,SHIB-USD,,,,,91324810
2023-09-11,SHIB-USD,,,,,121420772
2023-09-12,SHIB-USD,,,,,95261240
2023-09-13,SHIB-USD,,,,,78812790
2023-09-14,SHIB-USD,,,,,75774523
2023-09-15,SHIB-USD,,,,,69764122
2023-09-16,SHIB-USD,,,,,65775612
2023-09-17,SHIB-USD,,,,,70966087
2023-09-18,SHIB-USD,,,,,83713551
2023-09-19,SHIB-USD,,,,,74731362
2023-09-20,SHIB-USD,,,,,90351669
2023-09-21,SHIB-USD,,,,,95711310
2023-09-22,SHIB-USD,,,,,69112892
2023-09-23,SHIB-USD,,,,,133763229
2023-09-24,SHIB-USD,,,,,91681495
2023-09-25,SHIB-USD,,,,,74956820
2023-09-26,SHIB-USD,,,,,62252388
2023-09-27,SHIB-USD,,,,,79818891
2023-09-28,SHIB-USD,,,,,70874096
2023-09-29,SHIB-USD,,,,,85364141
2023-09-30,SHIB-USD,,,,,65748769
2023-10-01,SHIB-USD,,,,,88431124
2023-10-02,SHIB-USD,,,,,123294741
2023-10-03,SHIB-USD,,,,,75878469
2023-10-04,SHIB-USD,,,,,84374231
2023-10-05,SHIB-USD,,,,,62700710
2023-10-06,SHIB-USD,,,,,63282138
2023-10-07,SHIB-USD,,,,,47618660
2023-10-08,SHIB-USD,,,,,54891353
2023-10-09,SHIB-USD,,,,,115006539
2023-10-10,SHIB-USD,,,,,67206129
2023-10-11,SHIB-USD,,,,,80925709
2023-10-12,SHIB-USD,,,,,73629138
2023-10-13,SHIB-USD,,,,,63941588
2023-10-14,SHIB-USD,,,,,76832228
2023-10-15,SHIB-USD,,,,,68571441
2023-10-16,SHIB-USD,,,,,131306194
2023-10-17,SHIB-USD,,,,,87376462
2023-10-18,SHIB-USD,,,,,80785804
2023-10-19,SHIB-USD,,,,,89059411
2023-10-20,SHIB-USD,,,,,99168668
2023-10-21,SHIB-USD,,,,,90450304
2023-10-22,SHIB-USD,,,,,84555508
2023-10-23,SHIB-USD,,,,,202650582
2023-10-24,SHIB-USD,,,,,262985582
2023-10-25,SHIB-USD,,,,,249525733
2023-10-26,SHIB-USD,,,,,324401717
2023-10-27,SHIB-USD,,,,,146966525
2023-10-28,SHIB-USD,,,,,112779399
2023-10-29,SHIB-USD,,,,,136162558
2023-10-30,SHIB-USD,,,,,117356801
2023-10-31,SHIB-USD,,,,,163684806
2023-11-01,SHIB-USD,,,,,147598308
2023-11-02,SHIB-USD,,,,,166079592
2023-11-03,SHIB-USD,,,,,110561656
2023-11-04,SHIB-USD,,,,,95881761
2023-11-05,SHIB-USD,,,,,195173578
2023-11-06,SHIB-USD,,,,,194155274
2023-11-07,SHIB-USD,,,,,198143240
2023-11-08,SHIB-USD,,,,,128770116
2023-11-09,SHIB-USD,,,,,302471582
2023-11-10,SHIB-USD,,,,,224445814
2023-11-11,SHIB-USD,,,,,556029608
2023-11-12,SHIB-USD,,,,,198233991
2023-11-13,SHIB-USD,,,,,220175066
2023-11-14,SHIB-USD,,,,,196125318
2023-11-15,SHIB-USD,,,,,163220870
2023-11-16,SHIB-USD,,,,,274537075
2023-11-17,SHIB-USD,,,,,270891490
2023-11-18,SHIB-USD,,,,,164485592
2023-11-19,SHIB-USD,,,,,114369523
2023-11-20,SHIB-USD,,,,,144188907
2023-11-21,SHIB-USD,,,,,193901019
2023-11-22,SHIB-USD,,,,,141391880
2023-11-23,SHIB-USD,,,,,92316794
2023-11-24,SHIB-USD,,,,,125322553
2023-11-25,SHIB-USD,,,,,112867264
2023-11-26,SHIB-USD,,,,,121391442
2023-11-27,SHIB-USD,,,,,210584943
2023-11-28,SHIB-USD,,,,,131385081
2023-11-29,SHIB-USD,,,,,119348745
2023-11-30,SHIB-USD,,,,,299420211
2023-12-01,SHIB-USD,,,,,112451792
2023-12-02,SHIB-USD,,,,,117086336
2023-12-03,SHIB-USD,,,,,395932758
2023-12-04,SHIB-USD,,,,,479423586
2023-12-05,SHIB-USD,,,,,405448514
2023-12-06,SHIB-USD,,,,,758647296
2023-12-07,SHIB-USD,,,,,282576037
2023-12-08,SHIB-USD,,,,,313743689
2023-12-09,SHIB-USD,,,,,470549399
2023-12-10,SHIB-USD,,,,,252684987
2023-12-11,SHIB-USD,,,,,396495075
2023-12-12,SHIB-USD,,,,,190436920
2023-12-13,SHIB-USD,,,,,192016757
2023-12-14,SHIB-USD,,,,,225522582
2023-12-15,SHIB-USD,,,,,175154448
2023-12-16,SHIB-USD,,,,,615802607
2023-12-17,SHIB-USD,,,,,527987369
2023-12-18,SHIB-USD,,,,,325699740
2023-12-19,SHIB-USD,,,,,188813285
2023-12-20,SHIB-USD,,,,,172478617
2023-12-21,SHIB-USD,,,,,162850538
2023-12-22,SHIB-USD,,,,,270346304
2023-12-23,SHIB-USD,,,,,257167088
2023-12-24,SHIB-USD,,,,,211425154
2023-12-25,SHIB-USD,,,,,174486900
2023-12-26,SHIB-USD,,,,,203936729
2023-12-27,SHIB-USD,,,,,164192414
2023-12-28,SHIB-USD,,,,,187014764
2023-12-29,SHIB-USD,,,,,148130909
2023-12-30,SHIB-USD,,,,,91645462
2023-12-31,SHIB-USD,,,,,88174762
2024-01-01,SHIB-USD,,,,,97831619
2024-01-02,SHIB-USD,,,,,172819159
2024-01-03,SHIB-USD,,,,,329911846
2024-01-04,SHIB-USD,,,,,179014693
2024-01-05,SHIB-USD,,,,,188484201
2024-01-06,SHIB-USD,,,,,115014702
2024-01-07,SHIB-USD,,,,,130490363
2024-01-08,SHIB-USD,,,,,213033437
2024-01-09,SHIB-USD,,,,,300226062
2024-01-10,SHIB-USD,,,,,232788975
2024-01-11,SHIB-USD,,,,,279305955
2024-01-12,SHIB-USD,,,,,200940576
2024-01-13,SHIB-USD,,,,,130340932
2024-01-14,SHIB-USD,,,,,119514073
2024-01-15,SHIB-USD,,,,,113428100
2024-01-16,SHIB-USD,,,,,108430712
2024-01-17,SHIB-USD,,,,,109952385
2024-01-18,SHIB-USD,,,,,132656718
2024-01-19,SHIB-USD,,,,,148570329
2024-01-20,SHIB-USD,,,,,141649908
2024-01-21,SHIB-USD,,,,,115354571
2024-01-22,SHIB-USD,,,,,153495195
2024-01-23,SHIB-USD,,,,,138719978
2024-01-24,SHIB-USD,,,,,97850822
2024-01-25,SHIB-USD,,,,,76277799
2024-01-26,SHIB-USD,,,,,89163391
2024-01-27,SHIB-USD,,,,,66404578
2024-01-28,SHIB-USD,,,,,87477200
2024-01-29,SHIB-USD,,,,,105940521
2024-01-30,SHIB-USD,,,,,113148911
2024-01-31,SHIB-USD,,,,,110516064
2024-02-01,SHIB-USD,,,,,86289799
2024-02-02,SHIB-USD,,,,,74832368
2024-02-03,SHIB-USD,,,,,59210901
2024-02-04,SHIB-USD,,,,,70003572
2024-02-05,SHIB-USD,,,,,72973652
2024-02-06,SHIB-USD,,,,,71926753
2024-02-07,SHIB-USD,,,,,89900367
2024-02-08,SHIB-USD,,,,,152782412
2024-02-09,SHIB-USD,,,,,134153754
2024-02-10,SHIB-USD,,,,,97628796
2024-02-11,SHIB-USD,,,,,113876903
2024-02-12,SHIB-USD,,,,,144032430
2024-02-13,SHIB-USD,,,,,154387685
2024-02-14,SHIB-USD,,,,,165303438
2024-02-15,SHIB-USD,,,,,237607067
2024-02-16,SHIB-USD,,,,,181033970
2024-02-17,SHIB-USD,,,,,143153579
2024-02-18,SHIB-USD,,,,,136068444
2024-02-19,SHIB-USD,,,,,182834828
2024-02-20,SHIB-USD,,,,,245124567
2024-02-21,SHIB-USD,,,,,194058533
2024-02-22,SHIB-USD,,,,,149342889
2024-02-23,SHIB-USD,,,,,142252134
2024-02-24,SHIB-USD,,,,,122496844
2024-02-25,SHIB-USD,,,,,116491031
2024-02-26,SHIB-USD,,,,,258655018
2024-02-27,SHIB-USD,,,,,804474979
2024-02-28,SHIB-USD,,,,,1202848980
2024-02-29,SHIB-USD,,,,,2084723199
2024-03-01,SHIB-USD,,,,,2167149192
2024-03-02,SHIB-USD,,,,,6380624893
2024-03-03,SHIB-USD,,,,,3518721114
2024-03-04,SHIB-USD,,,,,8961816372
2024-03-05,SHIB-USD,,,,,16015113016
2024-03-06,SHIB-USD,,,,,6542491091
2024-03-07,SHIB-USD,,,,,3584720485
2024-03-08,SHIB-USD,,,,,5421487104
2024-03-09,SHIB-USD,,,,,2654767441
2024-03-10,SHIB-USD,,,,,1858025365
2024-03-11,SHIB-USD,,,,,2472976883
2024-03-12,SHIB-USD,,,,,1661148050
2024-03-13,SHIB-USD,,,,,1308903328
2024-03-14,SHIB-USD,,,,,2839792942
2024-03-15,SHIB-USD,,,,,2293461242
2024-03-16,SHIB-USD,,,,,1921226494
2024-03-17,SHIB-USD,,,,,2627232341
2024-03-18,SHIB-USD,,,,,1577662766
2024-03-19,SHIB-USD,,,,,1966014589
2024-03-20,SHIB-USD,,,,,1862892532
2024-03-21,SHIB-USD,,,,,1459423178
2024-03-22,SHIB-USD,,,,,1197323604
2024-03-23,SHIB-USD,,,,,1011495913
2024-03-24,SHIB-USD,,,,,888240413
2024-03-25,SHIB-USD,,,,,1480936800
2024-03-26,SHIB-USD,,,,,1888428341
2024-03-27,SHIB-USD,,,,,1624061483
2024-03-28,SHIB-USD,,,,,1817914900
2024-03-29,SHIB-USD,,,,,930868109
2024-03-30,SHIB-USD,,,,,712109187
2024-03-31,SHIB-USD,,,,,522754836
2024-04-01,SHIB-USD,,,,,902462630
2024-04-02,SHIB-USD,,,,,995352993
2024-04-03,SHIB-USD,,,,,797828526
2024-04-04,SHIB-USD,,,,,668734668
2024-04-05,SHIB-USD,,,,,564855707
2024-04-06,SHIB-USD,,,,,359741666
2024-04-07,SHIB-USD,,,,,662412529
2024-04-08,SHIB-USD,,,,,682426370
2024-04-09,SHIB-USD,,,,,677622295
2024-04-10,SHIB-USD,,,,,622344416
2024-04-11,SHIB-USD,,,,,416488304
2024-04-12,SHIB-USD,,,,,1070458949
2024-04-13,SHIB-USD,,,,,1479980622
2024-04-14,SHIB-USD,,,,,1290825049
2024-04-15,SHIB-USD,,,,,1000688726
2024-04-16,SHIB-USD,,,,,892370096
2024-04-17,SHIB-USD,,,,,592144678
2024-04-18,SHIB-USD,,,,,463771988
2024-04-19,SHIB-USD,,,,,647963446
2024-04-20,SHIB-USD,,,,,796088856
2024-04-21,SHIB-USD,,,,,1219703166
2024-04-22,SHIB-USD,,,,,769398910
2024-04-23,SHIB-USD,,,,,707789821
2024-04-24,SHIB-USD,,,,,844336632
2024-04-25,SHIB-USD,,,,,767908253
2024-04-26,SHIB-USD,,,,,519212946
2024-04-27,SHIB-USD,,,,,459584431
2024-04-28,SHIB-USD,,,,,354016771
2024-04-29,SHIB-USD,,,,,547393796
2024-04-30,SHIB-USD,,,,,720182754
2024-05-01,SHIB-USD,,,,,911381824
2024-05-02,SHIB-USD,,,,,721731118
2024-05-03,SHIB-USD,,,,,701898471
2024-05-04,SHIB-USD,,,,,733762585
2024-05-05,SHIB-USD,,,,,404440328
2024-05-06,SHIB-USD,,,,,591470021
2024-05-07,SHIB-USD,,,,,417108323
2024-05-08,SHIB-USD,,,,,416359403
2024-05-09,SHIB-USD,,,,,375342548
2024-05-10,SHIB-USD,,,,,389043526
2024-05-11,SHIB-USD,,,,,204421246
2024-05-12,SHIB-USD,,,,,160099219
2024-05-13,SHIB-USD,,,,,861591279
2024-05-14,SHIB-USD,,,,,1041002047
2024-05-15,SHIB-USD,,,,,1044394707
2024-05-16,SHIB-USD,,,,,831016972
2024-05-17,SHIB-USD,,,,,501636186
2024-05-18,SHIB-USD,,,,,334996491
2024-05-19,SHIB-USD,,,,,344502582
2024-05-20,SHIB-USD,,,,,709473679
2024-05-21,SHIB-USD,,,,,1118515664
2024-05-22,SHIB-USD,,,,,925908095
2024-05-23,SHIB-USD,,,,,877132094
2024-05-24,SHIB-USD,,,,,543922557
2024-05-25,SHIB-USD,,,,,397894263
2024-05-26,SHIB-USD,,,,,314590684
2024-05-27,SHIB-USD,,,,,896314681
2024-05-28,SHIB-USD,,,,,1425220892
2024-05-29,SHIB-USD,,,,,2117328124
2024-05-30,SHIB-USD,,,,,1206206513
2024-05-31,SHIB-USD,,,,,604242055
2024-06-01,SHIB-USD,,,,,272708862
2024-06-02,SHIB-USD,,,,,453686767
2024-06-03,SHIB-USD,,,,,492888780
2024-06-04,SHIB-USD,,,,,647850053
2024-06-05,SHIB-USD,,,,,984209119
2024-06-06,SHIB-USD,,,,,462782656
2024-06-07,SHIB-USD,,,,,799719355
2024-06-08,SHIB-USD,,,,,446790410
2024-06-09,SHIB-USD,,,,,463026872
2024-06-10,SHIB-USD,,,,,526548070
2024-06-11,SHIB-USD,,,,,824524094
2024-06-12,SHIB-USD,,,,,843424507
2024-06-13,SHIB-USD,,,,,387435501
2024-06-14,SHIB-USD,,,,,473680498
2024-06-15,SHIB-USD,,,,,241272942
2024-06-16,SHIB-USD,,,,,174798696
2024-06-17,SHIB-USD,,,,,430955975
2024-06-18,SHIB-USD,,,,,603979750
2024-06-19,SHIB-USD,,,,,326180236
2024-06-20,SHIB-USD,,,,,316006714
2024-06-21,SHIB-USD,,,,,289131560
2024-06-22,SHIB-USD,,,,,145961528
2024-06-23,SHIB-USD,,,,,148079667
2024-06-24,SHIB-USD,,,,,358903893
2024-06-25,SHIB-USD,,,,,319473500
2024-06-26,SHIB-USD,,,,,210768361
2024-06-27,SHIB-USD,,,,,227190576
2024-06-28,SHIB-USD,,,,,267335335
2024-06-29,SHIB-USD,,,,,112260218
2024-06-30,SHIB-USD,,,,,165277758
2024-07-01,SHIB-USD,,,,,197142236
2024-07-02,SHIB-USD,,,,,154220167
2024-07-03,SHIB-USD,,,,,234268290
2024-07-04,SHIB-USD,,,,,341848644
2024-07-05,SHIB-USD,,,,,541274366
2024-07-06,SHIB-USD,,,,,447958838
2024-07-07,SHIB-USD,,,,,384191478
2024-07-08,SHIB-USD,,,,,551150118
2024-07-09,SHIB-USD,,,,,292307566
2024-07-10,SHIB-USD,,,,,238036244
2024-07-11,SHIB-USD,,,,,226601105
2024-07-12,SHIB-USD,,,,,205016612
2024-07-13,SHIB-USD,,,,,241835916
2024-07-14,SHIB-USD,,,,,234202169
2024-07-15,SHIB-USD,,,,,397479203
2024-07-16,SHIB-USD,,,,,750438766
2024-07-17,SHIB-USD,,,,,414049829
2024-07-18,SHIB-USD,,,,,1244060311
2024-07-19,SHIB-USD,,,,,597181441
2024-07-20,SHIB-USD,,,,,430913234
2024-07-21,SHIB-USD,,,,,400688367
2024-07-22,SHIB-USD,,,,,324351282
2024-07-23,SHIB-USD,,,,,316592528
2024-07-24,SHIB-USD,,,,,227790900
2024-07-25,SHIB-USD,,,,,324554181
2024-07-26,SHIB-USD,,,,,195286725
2024-07-27,SHIB-USD,,,,,273052789
2024-07-28,SHIB-USD,,,,,132976865
2024-07-29,SHIB-USD,,,,,220653754
2024-07-30,SHIB-USD,,,,,175894714
2024-07-31,SHIB-USD,,,,,213057466
2024-08-01,SHIB-USD,,,,,248442737
2024-08-02,SHIB-USD,,,,,269775452
2024-08-03,SHIB-USD,,,,,243038395
2024-08-04,SHIB-USD,,,,,268114248
2024-08-05,SHIB-USD,,,,,1038002324
2024-08-06,SHIB-USD,,,,,419932788
2024-08-07,SHIB-USD,,,,,309023455
2024-08-08,SHIB-USD,,,,,308783473
2024-08-09,SHIB-USD,,,,,229461798
2024-08-10,SHIB-USD,,,,,135517835
2024-08-11,SHIB-USD,,,,,228096504
2024-08-12,SHIB-USD,,,,,241478722
2024-08-13,SHIB-USD,,,,,173740546
2024-08-14,SHIB-USD,,,,,175725822
2024-08-15,SHIB-USD,,,,,188870433
2024-08-16,SHIB-USD,,,,,162839591
2024-08-17,SHIB-USD,,,,,92174330
2024-08-18,SHIB-USD,,,,,105968298
2024-08-19,SHIB-USD,,,,,180652906
2024-08-20,SHIB-USD,,,,,212588353
2024-08-21,SHIB-USD,,,,,191291536
2024-08-22,SHIB-USD,,,,,172301991
2024-08-23,SHIB-USD,,,,,297329278
2024-08-24,SHIB-USD,,,,,282172638
2024-08-25,SHIB-USD,,,,,254048713
2024-08-26,SHIB-USD,,,,,247314097
2024-08-27,SHIB-USD,,,,,260929660
2024-08-28,SHIB-USD,,,,,230004239
2024-08-29,SHIB-USD,,,,,193150317
2024-08-30,SHIB-USD,,,,,192595385
2024-08-31,SHIB-USD,,,,,99600821
2024-09-01,SHIB-USD,,,,,153448147
2024-09-02,SHIB-USD,,,,,150723215
2024-09-03,SHIB-USD,,,,,127885371
2024-09-04,SHIB-USD,,,,,206862894
2024-09-05,SHIB-USD,,,,,143534250
2024-09-06,SHIB-USD,,,,,211636829
2024-09-07,SHIB-USD,,,,,102501066
2024-09-08,SHIB-USD,,,,,106694482
2024-09-09,SHIB-USD,,,,,167772485
2024-09-10,SHIB-USD,,,,,127894800
2024-09-11,SHIB-USD,,,,,150754094
2024-09-12,SHIB-USD,,,,,120583116
2024-09-13,SHIB-USD,,,,,163150978
2024-09-14,SHIB-USD,,,,,112290235
2024-09-15,SHIB-USD,,,,,109923708
2024-09-16,SHIB-USD,,,,,144709538
2024-09-17,SHIB-USD,,,,,129369626
2024-09-18,SHIB-USD,,,,,161495172
2024-09-19,SHIB-USD,,,,,264206275
2024-09-20,SHIB-USD,,,,,199440144
2024-09-21,SHIB-USD,,,,,189865436
2024-09-22,SHIB-USD,,,,,181928403
2024-09-23,SHIB-USD,,,,,183704052
2024-09-24,SHIB-USD,,,,,192118906
2024-09-25,SHIB-USD,,,,,376729618
2024-09-26,SHIB-USD,,,,,1225078186
2024-09-27,SHIB-USD,,,,,1443617010
2024-09-28,SHIB-USD,,,,,893877429
2024-09-29,SHIB-USD,,,,,539410506
2024-09-30,SHIB-USD,,,,,581051319
2024-10-01,SHIB-USD,,,,,834205366
2024-10-02,SHIB-USD,,,,,548118948
2024-10-03,SHIB-USD,,,,,406265776
2024-10-04,SHIB-USD,,,,,490872501
2024-10-05,SHIB-USD,,,,,332739882
2024-10-06,SHIB-USD,,,,,413282477
2024-10-07,SHIB-USD,,,,,526709244
2024-10-08,SHIB-USD,,,,,313610636
2024-10-09,SHIB-USD,,,,,331124843
2024-10-10,SHIB-USD,,,,,319898337
2024-10-11,SHIB-USD,,,,,392493221
2024-10-12,SHIB-USD,,,,,270229209
2024-10-13,SHIB-USD,,,,,239971122
2024-10-14,SHIB-USD,,,,,462834399
2024-10-15,SHIB-USD,,,,,548628930
2024-10-16,SHIB-USD,,,,,562882209
2024-10-17,SHIB-USD,,,,,342575192
2024-10-18,SHIB-USD,,,,,530650525
2024-10-19,SHIB-USD,,,,,431913451
2024-10-20,SHIB-USD,,,,,261222261
2024-10-21,SHIB-USD,,,,,405961840
2024-10-22,SHIB-USD,,,,,270075413
2024-10-23,SHIB-USD,,,,,274689730
2024-10-24,SHIB-USD,,,,,233519209
2024-10-25,SHIB-USD,,,,,326366873
2024-10-26,SHIB-USD,,,,,216697970
2024-10-27,SHIB-USD,,,,,153607292
2024-10-28,SHIB-USD,,,,,425874892
2024-10-29,SHIB-USD,,,,,744885403
2024-10-30,SHIB-USD,,,,,434469604
2024-10-31,SHIB-USD,,,,,451350101
2024-11-01,SHIB-USD,,,,,389557839
2024-11-02,SHIB-USD,,,,,184497107
2024-11-03,SHIB-USD,,,,,287587521
2024-11-04,SHIB-USD,,,,,294987460
2024-11-05,SHIB-USD,,,,,496646150
2024-11-06,SHIB-USD,,,,,1246327359
2024-11-07,SHIB-USD,,,,,614193865
2024-11-08,SHIB-USD,,,,,594191206
2024-11-09,SHIB-USD,,,,,709259284
2024-11-10,SHIB-USD,,,,,5996888704
2024-11-11,SHIB-USD,,,,,4777568884
2024-11-12,SHIB-USD,,,,,5471041398
2024-11-13,SHIB-USD,,,,,3626087099
2024-11-14,SHIB-USD,,,,,2216708802
2024-11-15,SHIB-USD,,,,,1519096137
2024-11-16,SHIB-USD,,,,,1268303397
2024-11-17,SHIB-USD,,,,,1267011460
2024-11-18,SHIB-USD,,,,,1256723887
2024-11-19,SHIB-USD,,,,,1354117967
2024-11-20,SHIB-USD,,,,,1186112114
2024-11-21,SHIB-USD,,,,,1310406226
2024-11-22,SHIB-USD,,,,,1691791616
2024-11-23,SHIB-USD,,,,,3662612816
2024-11-24,SHIB-USD,,,,,2344622726
2024-11-25,SHIB-USD,,,,,1527084554
2024-11-26,SHIB-USD,,,,,1086113595
2024-11-27,SHIB-USD,,,,,868998445
2024-11-28,SHIB-USD,,,,,873465376
2024-11-29,SHIB-USD,,,,,1048879967
2024-11-30,SHIB-USD,,,,,1535195878
2024-12-01,SHIB-USD,,,,,7612039739
2024-12-02,SHIB-USD,,,,,3831551872
2024-12-03,SHIB-USD,,,,,2900059944
2024-12-04,SHIB-USD,,,,,3807525567
2024-12-05,SHIB-USD,,,,,4580121098
2024-12-06,SHIB-USD,,,,,1679209912
2024-12-07,SHIB-USD,,,,,2288806089
2024-12-08,SHIB-USD,,,,,1800907777
2024-12-09,SHIB-USD,,,,,2849905286
2024-12-10,SHIB-USD,,,,,2598973280
2024-12-11,SHIB-USD,,,,,1628747541
2024-12-12,SHIB-USD,,,,,1274687473
2024-12-13,SHIB-USD,,,,,851561548
2024-12-14,SHIB-USD,,,,,763111815
2024-12-15,SHIB-USD,,,,,580380067
2024-12-16,SHIB-USD,,,,,811792426
2024-12-17,SHIB-USD,,,,,748595047
2024-12-18,SHIB-USD,,,,,1202221017
2024-12-19,SHIB-USD,,,,,1633970336
2024-12-20,SHIB-USD,,,,,1760046582
2024-12-21,SHIB-USD,,,,,1065598688
2024-12-22,SHIB-USD,,,,,628189051
2024-12-23,SHIB-USD,,,,,725031683
2024-12-24,SHIB-USD,,,,,631797376
2024-12-25,SHIB-USD,,,,,594806079
2024-12-26,SHIB-USD,,,,,524100565
2024-12-27,SHIB-USD,,,,,471460787
2024-12-28,SHIB-USD,,,,,307880381
2024-12-29,SHIB-USD,,,,,359028171
2024-12-30,SHIB-USD,,,,,497261496
2024-12-31,SHIB-USD,,,,,438055586
